Year,title,opening_weekend,Profit,mpaa,genre,theaters,runtime
2019,Avengers: Endgame,357115007,3256173564,PG-13,Action,4662,181
2011,Pirates of the Caribbean: On Stranger Tides,90151958,907785604,PG-13,Adventure,4164,136
2015,Avengers: Age of Ultron,191271109,1489322847,PG-13,Action,4276,141
2015,Star Wars Ep. VII: The Force Awakens,247966675,2695278042,PG-13,Adventure,4134,136
2018,Avengers: Infinity War,257698183,2427175236,PG-13,Action,4474,156
2007,Pirates of the Caribbean: At World’s End,114732820,970416917,PG-13,Adventure,4362,167
2017,Justice League,93842239,584969504,PG-13,Action,4051,121
2015,Spectre,70403148,779574935,PG-13,Action,3929,148
2023,Mission: Impossible Dead Reckoning Part One,52011790.67,-290000000,PG-13,Action,3506,118
2019,Star Wars: The Rise of Skywalker,177383864,1313051029,PG-13,Adventure,4406,142
2018,Solo: A Star Wars Story,84420489,331918859,PG-13,Adventure,4381,135
2012,John Carter,30180188,92136779,PG-13,Adventure,3749,132
2016,Batman v Superman: Dawn of Justice,166007347,939755285,PG-13,Action,4256,151
2017,Star Wars Ep. VIII: The Last Jedi,220009584,1689816523,PG-13,Adventure,4232,150
2019,The Lion King,191770759,1931416694,PG,Adventure,4802,118
2010,Tangled,48767052,524599178,PG,Musical,3603,101
2007,Spider-Man 3,151116516,973390533,PG-13,Adventure,4324,139
2016,Captain America: Civil War,179139142,1310002870,PG-13,Action,4226,146
2022,Thor: Love and Thunder,144165107,838710382,PG-13,Action,4375,119
2009,Harry Potter and the Half-Blood Prince,77835727,981500347,PG,Adventure,4455,153
2013,The Hobbit: The Desolation of Smaug,73645197,967599958,PG-13,Adventure,3928,201
2014,The Hobbit: The Battle of the Five Armies,54724334,945509346,PG-13,Adventure,3875,144
2017,The Fate of the Furious,98786705,1212468561,PG-13,Action,4329,136
2021,No Time to Die,55225007,670899043,PG-13,Action,4407,163
2009,Avatar,77025481,3458592554,PG-13,Action,3461,162
2006,Superman Returns,52535096,359201192,PG-13,Adventure,4065,150
2012,The Dark Knight Rises,160887295,1300367206,PG-13,Action,4404,164
2017,Pirates of the Caribbean: Dead Men Tell No Tales,62983253,737420670,PG-13,Adventure,4276,135
2008,Quantum of Solace,67528882,531060505,PG-13,Action,3501,106
2012,The Avengers,207438708,1913458121,PG-13,Action,4349,143
2006,Pirates of the Caribbean: Dead Man’s Chest,135634554,1264495537,PG-13,Adventure,4133,151
2013,Man of Steel,116619362,734045036,PG-13,Action,4207,142
2008,The Chronicles of Narnia: Prince Caspian,55034805,333962778,PG,Adventure,3929,144
2013,The Lone Ranger,29210849,124304230,PG-13,Western,3904,149
2012,The Amazing Spider-Man,62004688,799920930,PG-13,Adventure,4318,136
2012,Battleship,25534825,158711117,PG-13,Action,3702,130
2017,Transformers: The Last Knight,44680073,516062023,PG-13,Action,4132,148
2015,Jurassic World,208806270,2107286592,PG-13,Action,4291,124
2012,Men in Black 3,54592779,618234339,PG-13,Adventure,4248,104
2009,Transformers: Revenge of the Fallen,108966307,1028631569,PG-13,Action,4293,149
2014,Transformers: Age of Extinction,100038390,1139493148,PG-13,Action,4233,165
2006,X-Men: The Last Stand,102750665,483623408,PG-13,Action,3714,104
2010,Robin Hood,36063385,217946154,PG-13,Action,3505,139
2005,King Kong,50130145,561597382,PG-13,Adventure,3627,189
2007,The Golden Compass,25783232,232370286,PG-13,Adventure,3528,113
2020,Tenet,20001852,215955062,PG-13,Action,2930,110
2021,Spider-Man: No Way Home,260138569,2526884017,PG-13,Action,4336,148
2018,Black Panther,202003951,1836553887,PG-13,Action,4084,120
1997,Titanic,28638131,2667350489,PG-13,Drama,3265,194
2018,Incredibles 2,182687905,1651387103,PG,Adventure,4413,118
2016,Rogue One: A Star Wars Story,155081681,1388623587,PG-13,Adventure,4157,134
2016,Finding Dory,135060273,1311301686,PG,Adventure,4305,103
2019,Toy Story 4,120908065,1307118337,G,Adventure,4575,89
2010,Toy Story 3,110307189,1283884402,G,Adventure,4028,102
2022,Doctor Strange in the Multiverse of Madness,187420998,1163556593,PG-13,Action,4534,126
2013,Iron Man 3,174144585,1424384544,PG-13,Action,4253,130
2017,Guardians of the Galaxy Vol 2,146510104,1058926202,PG-13,Action,4347,136
2004,Spider-Man 2,88156227,968222042,PG-13,Adventure,4166,127
2022,The Batman,134008624,937165885,PG-13,Action,4417,175
2010,Alice in Wonderland,116101023,1159682220,PG,Adventure,3739,108
2012,Skyfall,88364714,1214887258,PG-13,Action,3526,143
2012,The Hobbit: An Unexpected Journey,84617303,1117942113,PG-13,Adventure,4100,169
2013,Monsters University,82429469,811944139,G,Adventure,4004,102
2013,Oz the Great and Powerful,79110453,525130047,PG,Adventure,3912,130
2014,X-Men: Days of Future Past,90823660,781784309,PG-13,Action,4001,131
2014,The Amazing Spider-Man 2,91608337,711850269,PG-13,Action,4324,141
2011,Cars 2,66135507,551606258,G,Adventure,4115,107
2021,Black Widow,80366312,363403310,PG-13,Action,4275,133
2019,Fast & Furious Presents: Hobbs & Shaw,60038950,734338641,PG-13,Action,4344,134
2021,F9: The Fast Saga,70043165,694083890,PG-13,Action,4203,145
2010,Tron: Legacy,44026211,371928962,PG,Adventure,3451,125
2009,2012,65237614,723789915,PG-13,Action,3444,158
2021,Eternals,71297219,366935193,PG-13,Action,4090,156
2018,Fantastic Beasts: The Crimes of Grindelwald,62163104,608011240,PG-13,Adventure,4163,134
2009,Terminator Salvation,42558390,290814261,PG-13,Action,3602,116
2022,Lightyear,50577961,136878534,PG,Adventure,4255,110
2021,Jungle Cruise,35018731,127371660,PG-13,Adventure,4310,90
2011,Green Lantern,53174303,136136664,PG-13,Action,3816,113
2022,Fantastic Beasts: The Secrets of Dumbledore,42151256,300410990,PG-13,Adventure,4245,118
2010,Prince of Persia: Sands of Time,30095259,227119352,PG-13,Action,3646,115
2019,Dark Phoenix,32828348,112202869,PG-13,Action,3721,114
2020,Onward,39119861,-5127825,PG,Adventure,4310,114
2020,Wonder Woman 1984,16701957,13161268,PG-13,Action,2218,151
2020,Mulan,52011790.67,-130034626,PG-13,Adventure,3506,115
2021,The Tomorrow War,52011790.67,-180780000,PG-13,Action,3506,140
2022,The Gray Man,52011790.67,-199548822,PG-13,Thriller/Suspense,3506,129
2011,Transformers: Dark of the Moon,97852865,1281184622,PG-13,Action,4107,154
2017,The Mummy,31668375,295055030,PG-13,Adventure,4035,107
2013,Jack the Giant Slayer,27202226,67875206,PG-13,Adventure,3525,113
2015,Furious 7,147187040,1677560506,PG-13,Action,4022,137
2013,Star Trek Into Darkness,70165559,506160245,PG-13,Adventure,3907,132
2013,World War Z,66411834,544568361,PG-13,Action,3607,115
2013,The Great Gatsby,50085184,308480838,PG-13,Drama,3550,141
2009,Disney’s A Christmas Carol,30051075,263565560,PG,Drama,3683,95
2013,Pacific Rim,37285325,322805812,PG-13,Action,3285,131
2021,The Matrix Resurrections,10749011,4154622,R,Action,3552,148
2015,The Good Dinosaur,39155217,269358157,PG,Adventure,3749,92
2008,Iron Man,102118668,717775673,PG-13,Adventure,4154,126
2008,The Dark Knight,158411483,1347336736,PG-13,Action,4366,152
2008,Indiana Jones and the Kingdom of the Crystal Skull,100137835,918736532,PG-13,Adventure,4264,123
2012,Brave,66323594,606888714,PG,Adventure,4164,93
2017,Kong: Skull Island,61025472,544124871,PG-13,Adventure,3846,118
2016,Star Trek Beyond,59253211,309522048,PG-13,Adventure,3928,122
2019,Maleficent: Mistress of Evil,36948713,418276100,PG,Adventure,3820,118
2017,Blade Runner 2049,32753122,165883217,R,Thriller/Suspense,4058,164
2019,Terminator: Dark Fate,29033832,127625444,R,Action,4086,128
2021,The Suicide Squad,26205415,37937657,R,Action,4019,132
2019,Aladdin,91500929,1220208922,PG,Adventure,4476,128
2017,Thor: Ragnarok,122744989,985541067,PG-13,Action,4080,130
2005,"The Chronicles of Narnia: The Lion, the Witch a…",52011790.67,832250529,PG-13,Thriller/Suspense,3506,118
2014,Maleficent,69431298,819944063,PG,Adventure,3948,97
2016,Fantastic Beasts and Where to Find Them,74403387,865761960,PG-13,Adventure,4144,133
2008,WALL-E,63087526,576316189,G,Adventure,3992,100
2007,Rush Hour 3,49100158,216711850,PG-13,Action,3778,91
2016,The Legend of Tarzan,38527856,295545086,PG-13,Adventure,3591,110
2011,Hugo,11364505,73912291,PG,Adventure,2608,126
2017,Valerian and the City of a Thousand Planets,17007624,75577726,PG-13,Adventure,3553,129
2015,Jupiter Ascending,18372372,50465038,PG-13,Action,3885,127
2018,Mission: Impossible—Fallout,61236534,829335833,PG-13,Action,4395,147
2016,X-Men: Apocalypse,65769562,519980035,PG-13,Action,4153,136
2018,The Meg,45402195,494814457,PG-13,Action,4118,113
2014,Edge of Tomorrow,28760246,289235236,PG-13,Action,3505,136
2019,Captain Marvel,153433423,1381557227,PG-13,Action,4310,124
2016,The Jungle Book,103261464,1142555541,PG,Adventure,4144,105
2015,Inside Out,90440272,1034465274,PG,Adventure,4158,95
2017,Spider-Man: Homecoming,117027503,1037547580,PG-13,Action,4348,133
2016,Suicide Squad,133682248,895845034,PG-13,Action,4255,123
2009,Up,68108790,849467541,PG,Adventure,3886,89
2017,Coco,50802605,833126440,PG,Musical,3987,105
2018,Ralph Breaks The Internet,56237634,555382541,PG,Adventure,4017,112
2009,Monsters vs. Aliens,59321095,405038906,PG,Adventure,4136,95
2017,Cars 3,53688680,361442484,G,Adventure,4256,109
2009,G.I. Joe: The Rise of Cobra,54713046,277670515,PG-13,Action,4007,118
1999,Wild Wild West,27687484,160035016,PG-13,Adventure,3342,107
2008,The Mummy: Tomb of the Dragon Emperor,40457770,333252001,PG-13,Adventure,3778,111
2007,Evan Almighty,31192615,99421019,PG,Comedy,3636,96
1995,Waterworld,21171780,177492440,PG-13,Action,2420,135
2020,Dolittle,21844045,153457696,PG,Adventure,4155,103
2017,King Arthur: Legend of the Sword,15371270,3805402,PG-13,Adventure,3702,126
2013,47 Ronin,9910310,15079290,PG-13,Action,2690,127
2022,Turning Red,52011790.67,-164034955,PG,Adventure,3506,100
2022,Top Gun: Maverick,126707459,2024094162,PG-13,Action,4751,131
2018,Jurassic World: Fallen Kingdom,148024610,1556053765,PG-13,Action,4485,128
2014,Guardians of the Galaxy,94320883,934596507,PG-13,Action,4088,121
2010,Iron Man 2,128122480,763589720,PG-13,Action,4390,125
2014,Captain America: The Winter Soldier,95023721,804148847,PG-13,Action,3938,135
2014,Dawn of the Planet of the Apes,72611427,749190155,PG-13,Adventure,3969,130
2004,The Polar Express,23325035,331298292,G,Adventure,3650,92
2012,Snow White and the Huntsman,56217700,386158501,PG-13,Adventure,3777,127
2003,Terminator 3: Rise of the Machines,44041440,413416592,R,Action,3504,109
2004,Van Helsing,51748040,250301092,PG-13,Action,3580,132
2019,Dumbo,45990748,297932614,PG,Adventure,4259,130
2019,Godzilla: King of the Monsters,47776293,323800053,PG-13,Action,4108,132
2015,Tomorrowland,33028165,130063840,PG,Adventure,3972,129
2019,Alita: Battle Angel,28525613,317738250,PG-13,Action,3802,122
2016,Alice Through the Looking Glass,26858726,183970493,PG,Adventure,3763,113
2022,Jurassic World: Dominion,145075625,1212197835,PG-13,Action,4697,146
2010,Shrek Forever After,70838207,829981460,PG,Adventure,4386,93
2016,Doctor Strange,85058311,743996401,PG-13,Action,3882,115
2014,Big Hero 6,56215889,705942852,PG,Adventure,3773,108
2010,How to Train Your Dragon,43732319,547452224,PG,Adventure,4060,91
2012,Wreck-It Ralph,49038712,520924198,PG,Adventure,3752,101
2014,Interstellar,47510360,672151767,PG-13,Adventure,3561,165
2021,Dune,41011174,341048357,PG-13,Action,4125,156
2016,Independence Day: Resurgence,41039944,322313710,PG-13,Action,4091,119
2011,Cowboys and Aliens,36431290,113406884,PG-13,Action,3754,118
2017,Beauty and the Beast,174750616,1614056223,PG,Musical,4210,123
2019,Spider-Man: Far From Home,92579212,1363064917,PG-13,Action,4634,129
2018,Aquaman,67873522,1318820507,PG-13,Action,4184,143
2007,Shrek the Third,121629270,970050880,PG,Adventure,4172,92
2010,Inception,62785337,861158660,PG-13,Thriller/Suspense,3792,147
2015,The Hunger Games: Mockingjay - Part 2,102665981,770710689,PG-13,Thriller/Suspense,4175,136
2013,Fast and Furious 6,97375245,867980294,PG-13,Action,3771,130
2014,Godzilla,93188384,569752138,PG-13,Action,3952,123
2011,X-Men: First Class,55101604,341816610,PG-13,Action,3692,132
2008,The Curious Case of Benjamin Button,26853816,297141284,PG-13,Drama,2988,167
2010,The Sorcerer's Apprentice,17619622,121137311,PG,Adventure,3504,108
2006,Poseidon,22155410,82349634,PG-13,Adventure,3555,118
2016,Warcraft,24166110,326265114,PG-13,Action,3406,123
2019,The Irishman,52011790.67,-158089766,R,Drama,3506,210
2016,Deepwater Horizon,20223544,27792836,PG-13,Thriller/Suspense,3403,107
2010,The Chronicles of Narnia: The Voyage of the Daw…,52011790.67,367573900,PG-13,Thriller/Suspense,3506,118
2021,Godzilla vs. Kong,32200000,413980722,PG-13,Action,3084,113
2015,Terminator: Genisys,27018486,366911850,PG-13,Action,3783,126
2018,Pacific Rim: Uprising,28116535,195804673,PG-13,Action,3708,111
2004,Alexander,13687087,46594382,R,Action,2445,175
2017,War for the Planet of the Apes,56262929,484472429,PG-13,Action,4100,142
2001,Pearl Harbor,59078912,496279708,PG-13,Action,3255,182
2007,Transformers,70502384,876518785,PG-13,Action,4050,142
2019,Frozen II,130263358,1772555858,PG,Adventure,4440,103
2017,Wonder Woman,103251471,1080621629,PG-13,Action,4165,141
2013,Frozen,243390,1512741416,PG,Musical,3742,102
2016,Zootopia,75063401,1195898183,PG,Adventure,3959,108
2007,Harry Potter and the Order of the Phoenix,77108414,1081757109,PG-13,Adventure,4285,138
2005,Harry Potter and the Goblet of Fire,102685961,1026947992,PG-13,Adventure,3858,150
2003,The Matrix Reloaded,91774413,870130618,R,Action,3603,138
2007,I am Legend,77211321,691925694,PG-13,Horror,3648,100
2016,Moana,56631401,730374190,PG,Musical,3875,113
2008,Hancock,62603879,702180546,PG-13,Action,3965,92
2021,Shang-Chi and the Legend of the Ten Rings,75388688,506786584,PG-13,Action,4300,132
2005,Charlie and the Chocolate Factory,56178450,532284560,PG,Adventure,3790,115
2007,Ratatouille,47027395,682995349,G,Adventure,3940,110
2013,Thor: The Dark World,85737841,700964656,PG-13,Action,3841,111
2005,Batman Begins,48745440,414201898,PG-13,Action,3858,140
2015,Mission: Impossible—Rogue Nation,55520089,733901369,PG-13,Action,3988,131
2017,Dunkirk,50513488,558127106,PG-13,Action,4014,107
2011,Thor,65723338,480357242,PG-13,Action,3963,113
2008,Madagascar: Escape 2 Africa,63106589,629855654,PG,Adventure,4065,89
2009,X-Men Origins: Wolverine,85058003,404708917,PG-13,Action,4102,107
2009,Night at the Museum: Battle of the Smithsonian,54173286,429474784,PG,Adventure,4101,105
2011,Kung Fu Panda 2,47656302,680086610,PG,Adventure,3952,90
2015,Mad Max: Fury Road,45428128,371094228,R,Action,3722,120
2019,Pokémon: Detective Pikachu,54365242,425449514,PG,Adventure,4248,104
2003,The Matrix Revolutions,48475154,416571170,R,Action,3502,129
2018,Ready Player One,41769050,566745825,PG-13,Adventure,4234,140
2005,Chicken Little,40049778,295430488,G,Adventure,3658,82
2006,Mission: Impossible III,47743273,382889093,PG-13,Action,4059,126
2009,Angels & Demons,46204168,474251692,PG-13,Thriller/Suspense,3527,138
2004,Troy,46865412,466450617,R,Action,3411,162
2010,The Last Airbender,40325019,301486068,PG,Adventure,3203,103
2007,Bee Movie,38021044,264225854,PG,Adventure,3984,90
2009,G-Force,31706934,262254611,PG,Adventure,3697,87
2008,Bolt,26223128,292068608,PG,Adventure,3654,96
2021,Encanto,27206494,176966771,PG,Adventure,3980,109
2012,Wrath of the Titans,33457188,238940166,PG-13,Adventure,3545,99
2007,Beowulf,27515871,127361158,PG-13,Adventure,3249,115
2012,Dark Shadows,29685274,167929817,PG-13,Black Comedy,3755,112
2013,White House Down,24852258,128544171,PG-13,Thriller/Suspense,3222,131
2021,Space Jam: A New Legacy,31053362,64595977,PG,Comedy,4002,115
2010,The Wolfman,31479235,54824242,R,Horror,3223,102
2016,The Great Wall,18469620,229643957,PG-13,Action,3328,104
2015,Pan,15315435,36614293,PG,Adventure,3515,111
2011,Mars Needs Moms,6914488,-89057484,PG,Adventure,3117,88
2022,Moonfall,9868997,-71890308,PG-13,Action,3446,124
2021,Red Notice,52011790.67,-149826362,PG-13,Action,3506,115
2019,6 Underground,52011790.67,-150000000,R,Action,3506,128
2006,Flushed Away,18814323,95022798,PG,Adventure,3707,85
2012,Madagascar 3: Europe's Most Wanted,60316738,818312753,PG,Adventure,4263,85
2011,Mission: Impossible—Ghost Protocol,12785204,759111133,PG-13,Action,3555,132
2014,How to Train Your Dragon 2,49451322,646589194,PG,Adventure,4268,102
1999,Tarzan,34221968,474283638,G,Adventure,3131,88
2014,Mr. Peabody & Sherman,32207057,236312860,PG,Adventure,3951,91
2012,Rise of the Guardians,23773465,265313660,PG,Adventure,3672,97
2005,Sahara,18068372,45317315,PG-13,Adventure,3200,124
2016,Ghostbusters,46018755,213359232,PG-13,Comedy,3963,117
2002,Die Another Day,47072040,450884278,PG-13,Action,3377,133
2003,Pirates of the Caribbean: The Curse of the Blac…,52011790.67,819721638,PG-13,Thriller/Suspense,3506,118
2009,Star Trek,79204289,504569633,PG-13,Adventure,4053,125
1998,Armageddon,36089972,616178182,PG-13,Adventure,3184,150
2002,Men in Black 2,52148751,492186606,PG-13,Action,3641,86
2011,Captain America: The First Avenger,65058524,407224281,PG-13,Action,3715,124
2016,Kung Fu Panda 3,41282042,524699444,PG,Adventure,3987,94
1998,Lethal Weapon 4,34048124,275844603,R,Action,3117,127
2013,G.I. Joe: Retaliation,40501814,358263765,PG-13,Action,3734,110
2003,The Last Samurai,24271354,427921150,R,Action,2938,154
2005,Fun With Dick And Jane,14383515,173568919,PG-13,Comedy,3239,90
2014,Exodus: Gods and Kings,24115934,193329026,PG-13,Drama,3503,150
2016,The BFG,18775350,115130450,PG,Adventure,3392,115
2019,Gemini Man,20552372,75170475,PG-13,Action,3642,116
2016,Gods of Egypt,14123903,29990220,PG-13,Adventure,3117,127
1970,Desert Warrior,52011790.67,-140000000,PG-13,Thriller/Suspense,3506,118
2002,Spider-Man,114844116,1086412750,PG-13,Adventure,3876,121
2009,Watchmen,55214334,156486049,R,Action,3611,161
2005,Stealth,13251545,-29466508,PG-13,Action,3495,121
2008,The Incredible Hulk,55414050,262880772,PG-13,Adventure,3508,112
2003,Hulk,62128420,240208913,PG-13,Action,3674,138
2001,Final Fantasy: The Spirits Within,11408853,-19736340,PG-13,Adventure,2649,106
2012,"The Twilight Saga: Breaking Dawn, Part 2",141067634,985849474,PG-13,Drama,4070,115
2013,The Croods,43639736,625236850,PG,Adventure,4065,98
2015,The Revenant,474560,581576196,R,Adventure,3711,156
1999,The World is Not Enough,35519007,353661320,PG-13,Action,3165,128
2011,Rango,38079323,234202207,PG,Adventure,3923,107
2003,Master and Commander: The Far Side of the World,25105990,171838523,PG-13,Adventure,3101,139
2013,Turbo,21312625,234924708,PG,Adventure,3809,96
2016,Teenage Mutant Ninja Turtles: Out of the Shadows,35316382,192379975,PG-13,Adventure,4071,112
2011,Happy Feet Two,21237068,86962932,PG,Adventure,3611,99
2006,Miami Vice,25723815,93398914,R,Action,3026,132
2018,The Nutcracker and the Four Realms,20352491,91983151,PG,Adventure,3766,99
2005,War of the Worlds,64878725,709116889,PG-13,Action,3910,116
2014,Penguins of Madagascar,25447444,318293442,PG,Adventure,3775,92
2013,The Hunger Games: Catching Fire,158074286,1159536094,PG-13,Adventure,4163,146
2004,Harry Potter and the Prisoner of Azkaban,93687367,909350434,PG,Adventure,3855,141
2007,The Bourne Ultimatum,69283690,541514466,PG-13,Thriller/Suspense,3701,113
2018,Ant-Man and the Wasp,75812205,709793400,PG-13,Action,4206,118
2008,Kung Fu Panda,60239130,717345122,PG,Adventure,4136,91
2015,Ant-Man,57225526,569060612,PG-13,Action,3868,117
2015,Home,52107731,433395406,PG,Adventure,3801,94
2018,Mary Poppins Returns,23523121,390859470,PG,Musical,4090,130
2011,Puss in Boots,34077439,574247981,PG,Adventure,3963,90
2010,Megamind,46016833,340303061,PG,Adventure,3949,95
2003,Bad Boys II,46522560,281812852,R,Action,3202,140
2014,Rio 2,39327869,494384726,G,Adventure,3975,101
2010,Salt,36011243,278961862,PG-13,Thriller/Suspense,3612,100
2014,Noah,43720472,324031109,PG-13,Drama,3571,137
2011,The Adventures of Tintin,9720993,321585782,PG,Adventure,3087,104
2013,After Earth,27520040,182021762,PG-13,Action,3401,99
2008,Australia,14800723,134634812,PG-13,Drama,2721,165
2013,R.I.P.D.,12691415,-17304467,PG-13,Action,2852,98
2019,How to Train Your Dragon: The Hidden World,55022245,553014038,PG,Adventure,4286,104
2011,"The Twilight Saga: Breaking Dawn, Part 1",138122261,842075486,PG-13,Drama,4066,117
2000,Dinosaur,38854851,366396126,PG,Adventure,3319,82
2017,Logan,88411916,713479383,R,Action,4071,135
2014,Night at the Museum: Secret of the Tomb,17100520,340503242,PG,Adventure,3914,97
2011,Harry Potter and the Deathly Hallows: Part II,169189427,1572548479,PG-13,Adventure,4375,131
2014,The Hunger Games: Mockingjay - Part 1,121897634,978711016,PG-13,Thriller/Suspense,4151,123
2001,Harry Potter and the Sorcerer’s Stone,90294621,1157925589,PG,Adventure,3672,152
2019,Jumanji: The Next Level,59251543,990164146,PG-13,Adventure,4227,123
2010,Harry Potter and the Deathly Hallows: Part I,125017372,1122899273,PG-13,Adventure,4125,146
2006,The Da Vinci Code,77073388,860356597,PG-13,Thriller/Suspense,3757,152
2003,X-Men 2,85558731,496298324,PG-13,Action,3749,135
2011,Fast Five,86198765,715194779,PG-13,Action,3793,130
2014,Teenage Mutant Ninja Turtles,65575105,551209508,PG-13,Adventure,3980,101
2011,Sherlock Holmes: A Game of Shadows,39637079,597511861,PG-13,Action,3703,129
2004,The Day After Tomorrow,68743584,617580916,PG-13,Adventure,3444,123
2017,The Boss Baby,50198902,577968969,PG,Adventure,3829,97
2010,Clash of the Titans,61235105,531429776,PG-13,Action,3802,106
2016,Trolls,46581142,371949677,PG,Adventure,4066,93
1998,Godzilla,93188384,387314294,PG-13,Action,3952,123
2012,Prometheus,51050101,403925349,R,Thriller/Suspense,3442,124
2012,The Bourne Legacy,38142825,268559790,PG-13,Thriller/Suspense,3753,135
1997,Batman & Robin,42872605,220643009,PG-13,Action,2942,125
2018,Skyscraper,24905015,248289081,PG,Action,3822,103
2020,The Call of the Wild,24791624,44703304,PG,Adventure,3914,100
2012,Total Recall,25577758,145734057,PG-13,Action,3601,117
2016,Assassin’s Creed,10278225,170407630,PG-13,Action,2996,116
2016,Monster Trucks,10950705,-29987036,PG-13,Adventure,3119,104
1999,The 13th Warrior,10267756,-30602202,R,Action,2313,103
2000,How the Grinch Stole Christmas,55820330,482794228,PG,Adventure,3256,105
2000,Mission: Impossible 2,57845297,644998405,PG-13,Action,3669,126
2000,The Perfect Storm,41325042,391329868,PG-13,Drama,3407,129
2016,Jason Bourne,59215365,458361236,PG-13,Action,4039,123
2022,Uncharted,44010155,430397640,PG-13,Adventure,4275,116
2007,Fantastic Four: Rise of the Silver Surfer,58051684,301402429,PG,Action,3963,91
2012,Life of Pi,22451514,624297390,PG,Drama,2946,125
2007,Ghost Rider,45388836,225348185,PG-13,Action,3620,110
2018,Rampage,35753093,408975450,PG-13,Action,4115,107
2003,Charlie's Angels: Full Throttle,37634221,207977601,PG-13,Action,3485,106
2013,Elysium,29807393,259242208,R,Action,3284,109
2013,Oblivion,37054485,257023868,PG-13,Thriller/Suspense,3792,125
2017,Power Rangers,40300288,107896002,PG-13,Action,3693,124
2002,Stuart Little 2,15115152,110956806,PG,Adventure,3282,77
2014,RoboCop,21681430,181588806,PG-13,Action,3372,116
2004,The Chronicles of Riddick,24289165,44925502,PG-13,Adventure,2759,119
2015,The Fantastic Four,52011790.67,103966735,PG-13,Thriller/Suspense,3506,118
2008,Speed Racer,18561337,17340228,PG,Action,3606,135
2005,The Island,12409070,78837826,PG-13,Action,3138,136
2010,How Do You Know?,7484696,-40159203,R,Romantic Comedy,2483,121
2018,Outlaw King,52011790.67,-120000000,R,Action,3506,117
2022,Emancipation,52011790.67,-120000000,PG-13,Thriller/Suspense,3506,132
2010,Knight and Day,20139985,218174405,PG-13,Action,3104,109
2021,Tang Ren Jie Tan An 3,52011790.67,582084069,R,Action,3506,136
2018,Venom,80255756,953592461,PG-13,Action,4250,112
1999,Star Wars Ep. I: The Phantom Menace,64810970,1386589354,PG,Adventure,3126,133
2005,Star Wars Ep. III: Revenge of the Sith,108435841,1114269454,PG-13,Adventure,3663,139
2002,Star Wars Ep. II: Attack of the Clones,80027814,852372355,PG,Adventure,3161,143
2001,"Monsters, Inc.",62577067,735633144,G,Adventure,3649,92
2013,The Wolverine,53113752,434013704,PG-13,Action,3924,126
1997,Dante’s Peak,18479435,130363857,PG-13,Thriller/Suspense,2761,109
2016,The Huntsman: Winter’s War,19445035,98152317,PG-13,Action,3802,113
2002,Windtalkers,14520412,3542333,R,Action,2898,134
2019,Triple Frontier,52011790.67,-115000000,R,Action,3506,125
2008,Astérix aux Jeux Olympiques,52011790.67,20499622,Unrated,Adventure,3506,118
2010,Gulliver's Travels,6307691,162797109,PG,Adventure,3089,87
2017,Ferdinand,13401586,261921272,PG,Adventure,3630,107
2018,Deadpool 2,125507153,1000954105,R,Action,4349,119
2013,Gravity,55785112,852306996,PG-13,Thriller/Suspense,3820,91
2006,Night at the Museum,30433781,720309675,PG,Adventure,3768,108
2021,Venom: Let There be Carnage,90033210,605150745,PG-13,Action,4225,97
2005,Mr. and Mrs. Smith,50342878,562460369,PG-13,Action,3451,120
2015,San Andreas,54588173,501449371,PG-13,Adventure,3812,114
2011,The Smurfs,35611637,596363481,PG,Adventure,3427,103
2007,Live Free or Die Hard,33369559,406817550,PG-13,Action,3411,129
2015,The Divergent Series: Insurgent,52263680,315254954,PG-13,Action,3875,118
2004,Ocean's Twelve,39153380,378520710,PG-13,Adventure,3290,125
1997,Tomorrow Never Dies,25143007,354808552,PG-13,Action,2807,119
2000,The Patriot,22413710,218630342,R,Drama,3061,164
2014,300: Rise of an Empire,45038460,327360102,R,Action,3490,102
2004,The Aviator,858021,200979719,PG-13,Drama,2530,170
2016,Passengers,14869736,292254371,PG-13,Thriller/Suspense,3478,116
2011,The Green Hornet,33526876,217935545,PG-13,Action,3584,118
2016,Miss Peregrine’s Home for Peculiar Children,28871140,273229710,PG-13,Adventure,3835,126
2011,Real Steel,27319677,239343650,PG-13,Action,3440,126
2019,Men in Black: International,30035838,223022271,PG-13,Adventure,4224,118
2010,The A-Team,25669455,144463270,PG-13,Action,3544,118
2013,The Smurfs 2,17548389,309565307,PG,Adventure,3867,104
2016,The Divergent Series: Allegiant,29027348,128206568,PG-13,Action,3740,120
2009,The Taking of Pelham 123,23373102,107816682,R,Action,3077,106
2013,Ender's Game,27017351,79720474,PG-13,Adventure,3407,114
2004,Home on the Range,13880771,16508814,PG,Adventure,3058,76
1997,Speed 2: Cruise Control,16158942,88565081,PG-13,Action,2625,125
2005,Kingdom of Heaven,19635996,156073351,R,Action,3219,148
2017,Ghost in the Shell,18676033,98474247,PG-13,Action,3440,100
2004,Around the World in 80 Days,7576132,-13991682,PG,Adventure,2801,120
2003,Dr. Seuss’ The Cat in the Hat,38329160,125836566,PG,Adventure,3467,82
2001,Ali,14710892,36867932,R,Drama,2521,158
2015,The Martian,54308575,774042770,PG-13,Thriller/Suspense,3854,130
2016,Allied,12701743,53364725,R,Drama,3160,124
2004,"I, Robot",52179887,388430608,PG-13,Action,3494,115
1999,Stuart Little,15018223,333830448,PG,Adventure,3151,92
2009,The Princess and the Frog,786190,270398277,G,Adventure,3475,97
2008,"10,000 B.C.",35867488,258849879,PG-13,Adventure,3454,109
2016,Ice Age: Collision Course,21373064,361219690,PG,Adventure,3997,100
1997,Starship Troopers,22058773,70868952,R,Action,2971,129
2001,Town & Country,3029858,-87922780,R,Romantic Comedy,2222,118
2017,Kingsman: The Golden Circle,39023010,405038534,R,Action,4038,141
2000,Gone in 60 Seconds,25336048,230986016,PG-13,Action,3089,117
2000,Gladiator,34819017,541119393,R,Action,3188,154
2013,The Hangover 3,41671198,371200144,R,Comedy,3565,100
2018,A Wrinkle in Time,33123609,130693157,PG,Adventure,3980,120
2009,Public Enemies,25271675,206887329,R,Drama,3336,140
2006,Casino Royale,40833156,659785283,PG-13,Action,3443,144
2002,Minority Report,35677125,388849428,PG-13,Action,3001,144
2018,Bumblebee,21654047,490391178,PG-13,Adventure,3597,114
2012,Cloud Atlas,9612247,55781426,R,Drama,2023,172
2002,Harry Potter and the Chamber of Secrets,88357488,1037495934,PG,Adventure,3682,161
1991,Terminator 2: Judgment Day,31765506,618840287,R,Action,2495,136
1995,Batman Forever,52784433,420560256,PG-13,Action,2893,122
2001,Planet of the Apes,68532960,442223480,PG-13,Adventure,3530,120
2004,National Treasure,35142554,404328412,PG,Adventure,3243,130
2012,Django Unchained,30122888,512647000,R,Western,3012,165
2019,1917,576216,429831023,R,Thriller/Suspense,3987,119
2010,Little Fockers,30833665,359089174,PG-13,Comedy,3675,98
1994,True Lies,25869770,411582411,R,Action,2561,141
2007,American Gangster,43565135,298150101,R,Drama,3111,157
2009,Cloudy with a Chance of Meatballs,30304648,261697952,PG,Adventure,3119,90
2010,The Other Guys,35543162,190156448,PG-13,Comedy,3651,97
2004,Lemony Snicket's A Series of Unfortunate Events,30061756,231583141,PG,Adventure,3623,107
2013,The Wolf of Wall Street,18410067,406868086,R,Black Comedy,2557,165
2013,Epic,33531068,270313123,PG,Adventure,3894,103
1996,Eraser,24566446,235695562,R,Action,2556,114
1996,The Hunchback of Notre Dame,21037414,325638851,G,Adventure,2835,91
2000,The Emperor's New Groove,9812302,159261146,G,Adventure,2887,78
2012,The Expendables 2,28591370,297007448,R,Action,3355,103
2009,Where the Wild Things Are,32695407,76357123,PG,Adventure,3735,100
2006,Eragon,23239907,224518278,PG,Adventure,3030,104
2014,Hercules,29800263,216077228,PG-13,Adventure,3595,97
2010,The Tourist,16472458,246362526,PG-13,Thriller/Suspense,2756,102
1999,End of Days,20523595,178916018,R,Action,2665,120
2019,Spies in Disguise,13354798,131895494,PG,Adventure,3502,104
2004,The Stepford Wives,21406781,55626105,PG-13,Black Comedy,3057,93
2007,Surf’s Up,17640249,104263439,PG,Adventure,3531,85
2006,Blood Diamond,8648324,128755832,R,Action,1920,143
2019,Midway,17897419,83675865,PG-13,Action,3242,138
2010,Legend of the Guardians: The Owls of Ga'Hoole,16112211,95392030,PG,Adventure,3575,90
2009,Land of the Lost,18837350,18987011,PG-13,Comedy,3534,102
2003,Peter Pan,11139495,43673335,PG,Adventure,2813,113
2019,Wonder Park,15853646,60328911,PG,Adventure,3838,93
2004,Catwoman,16728411,22280425,PG-13,Action,3117,101
2014,The Expendables 3,15879645,148783922,PG-13,Action,3221,103
2021,West Side Story,10574618,13541579,PG-13,Musical,2820,156
2002,Treasure Planet,12083248,29920554,PG,Adventure,3227,95
2021,The King’s Man,5915542,58301673,R,Action,3180,131
2010,Green Zone,14309295,33020357,R,Drama,3004,114
2017,Geostorm,13707376,154496169,PG-13,Thriller/Suspense,3246,109
2015,Point Break,9800252,55487072,PG-13,Action,2910,113
2019,Cats,6619870,2725695,PG,Musical,3380,110
2015,In the Heart of the Sea,11053366,14714067,PG-13,Adventure,3103,121
2014,Transcendence,10886386,26061567,PG-13,Thriller/Suspense,3455,119
2005,Son of the Mask,7511675,-23063156,PG,Adventure,2966,94
2018,Mortal Engines,7559850,1431311,PG-13,Action,3103,128
2021,Chaos Walking,3775350,-59636432,PG-13,Action,2132,108
2021,The Last Duel,4759151,-59090822,R,Drama,3065,153
2002,The Adventures of Pluto Nash,2182900,-88493903,PG-13,Comedy,2320,118
2012,Jin líng shí san chai,48558,-1461549,R,Drama,30,141
2020,The Midnight Sky,52011790.67,-99924385,PG-13,Adventure,3506,118
2020,Artemis Fowl,52011790.67,-100000000,PG,Adventure,3506,115
2015,The Peanuts Movie,44213073,281270021,G,Adventure,3902,89
2019,The LEGO Movie 2: The Second Part,34115335,196937544,PG,Adventure,4303,107
2018,Robin Hood,36063385,17034640,PG-13,Action,3505,139
2001,The Mummy Returns,68139035,539048035,PG-13,Adventure,3553,129
2019,Ford v. Ferrari,31474958,244443105,PG-13,Drama,3746,152
2002,Gangs of New York,9496870,163855121,R,Drama,2340,155
2017,Alien: Covenant,36160621,215783278,R,Horror,3772,123
2015,Cinderella,67877361,648502706,PG,Drama,3848,105
2012,Ice Age: Continental Drift,46629259,946086980,PG,Adventure,3886,87
2001,Black Hawk Down,179823,173329830,R,Action,3143,144
2010,Sex and the City 2,31001870,295028470,R,Comedy,3445,146
2010,Percy Jackson & the Olympians: The Lightning Thief,31236067,216819177,PG,Adventure,3396,119
2012,The Campaign,26588460,96815492,R,Comedy,3302,85
2010,Unstoppable,22688457,152283863,PG-13,Action,3261,98
1997,The Fifth Element,17031345,232464700,PG-13,Action,2500,126
2000,The Road to El Dorado,12846652,21502661,PG,Adventure,3223,89
2009,The Lovely Bones,116616,44008680,PG-13,Drama,2638,135
2016,Ben-Hur,11203815,23080125,PG-13,Adventure,3084,123
2014,Seventh Son,7217640,31600752,PG-13,Adventure,2875,102
2003,Finding Nemo,70251710,1222624222,G,Adventure,3425,100
2003,The Lord of the Rings: The Return of the King,72629713,1404059951,PG-13,Adventure,3703,201
2002,The Lord of the Rings: The Two Towers,62007528,1167697748,PG-13,Adventure,3622,179
2001,Lara Croft: Tomb Raider,47735743,310474368,PG-13,Adventure,3349,100
2015,Kingsman: The Secret Service,36206331,438823448,R,Action,3282,129
2001,The Lord of the Rings: The Fellowship of the Ring,47211490,1113761574,PG-13,Adventure,3381,179
2001,Jurassic Park III,50771645,454066115,PG-13,Action,3470,93
2011,Rise of the Planet of the Apes,54806191,554746385,PG-13,Adventure,3691,120
2008,The Spiderwick Chronicles,19004058,141534720,PG,Adventure,3847,96
2004,The Incredibles,70467623,800882184,PG,Adventure,3933,115
2013,A Good Day to Die Hard,24834845,279598396,R,Action,3555,98
2004,The Alamo,9124701,-45682276,PG-13,Western,2609,137
1995,Cutthroat Island,2371415,-63465356,PG-13,Adventure,1619,118
2013,The Secret Life of Walter Mitty,12765508,155098021,PG,Adventure,2922,114
2023,65,52011790.67,-91000000,PG-13,Thriller/Suspense,3506,118
